Customer Name,Recency,Frequency,Monetary,R_Score,F_Score,M_Score,RFM_Score,Segment,Weighted_RFM_Score,Cluster_ID,Cluster_Segment
Abbe Thys,910,1,14.339999999999998,2,1,1,4,😐 Need Attention,1.3,1,Cluster 4
Abigail Tolworthy,1186,1,8.055,1,1,1,3,💀 Lost Customers,1.0,1,Cluster 4
Abrahan Mussen,883,1,52.125,2,1,3,6,😴 At Risk,2.2,2,Cluster 2
Adelheid Gladhill,317,1,35.82,4,1,3,8,⭐ Loyal Customers,2.8,3,Cluster 3
Adham Greenhead,656,1,103.49999999999999,2,1,4,7,🔄 Potential Loyalists,2.65,2,Cluster 2
Adolphe Treherne,1063,1,27.5,1,1,2,4,💀 Lost Customers,1.45,1,Cluster 4
Adora Roubert,288,1,137.31,4,1,4,9,⭐ Loyal Customers,3.25,2,Cluster 2
Adorne Gregoratti,896,1,26.73,2,1,2,5,😴 At Risk,1.75,1,Cluster 4
Adrianne Vairow,148,1,27.484999999999996,4,1,2,7,🔄 Potential Loyalists,2.35,3,Cluster 3
Agnes Adamides,776,1,41.169999999999995,2,1,3,6,😴 At Risk,2.2,2,Cluster 2
Ailene Nesfield,296,1,29.849999999999998,4,1,2,7,🔄 Potential Loyalists,2.35,3,Cluster 3
Ailey Brash,418,2,206.59999999999997,3,4,4,11,🏆 Champions,3.7,0,Cluster 1
Alberta Balsdone,739,1,28.53,2,1,2,5,😴 At Risk,1.75,1,Cluster 4
Alberto Hutchinson,137,1,6.75,4,1,1,6,🆕 New Customers,1.9,3,Cluster 3
Alfy Snowding,323,1,58.2,3,1,3,7,🔄 Potential Loyalists,2.5,2,Cluster 2
Alisha Hulburt,472,1,11.94,3,1,1,5,😐 Need Attention,1.6,3,Cluster 3
Alisun Baudino,1226,1,19.424999999999997,1,1,2,4,💀 Lost Customers,1.45,1,Cluster 4
Almeria Burgett,418,1,103.49999999999999,3,1,4,8,⭐ Loyal Customers,2.95,2,Cluster 2
Aloisia Allner,1080,1,61.15,1,1,3,5,😴 At Risk,1.9,2,Cluster 2
Alon Pllu,435,1,14.58,3,1,1,5,😐 Need Attention,1.6,3,Cluster 3
Alric Darth,365,1,17.9,3,1,2,6,😐 Need Attention,2.05,3,Cluster 3
Alva Filipczak,305,1,8.73,4,1,1,6,🆕 New Customers,1.9,3,Cluster 3
Alvis Elwin,953,1,23.775,2,1,2,5,😴 At Risk,1.75,1,Cluster 4
Ambrosio Weinmann,1073,1,12.95,1,1,1,3,💀 Lost Customers,1.0,1,Cluster 4
Ameline Snazle,944,1,59.75,2,1,3,6,😴 At Risk,2.2,2,Cluster 2
Ami Arnow,1221,1,38.849999999999994,1,1,3,5,😴 At Risk,1.9,1,Cluster 4
Amii Gallyon,311,1,10.739999999999998,4,1,1,6,🆕 New Customers,1.9,3,Cluster 3
Amity Chatto,1154,1,5.369999999999999,1,1,1,3,💀 Lost Customers,1.0,1,Cluster 4
Anabelle Hutchens,906,1,129.37499999999997,2,1,4,7,🔄 Potential Loyalists,2.65,2,Cluster 2
Ancell Fendt,646,1,26.19,2,1,2,5,😴 At Risk,1.75,3,Cluster 3
Andie Rudram,1318,1,36.455,1,1,3,5,😴 At Risk,1.9,1,Cluster 4
Andrej Havick,1257,1,23.31,1,1,2,4,💀 Lost Customers,1.45,1,Cluster 4
Angelia Cleyburn,1050,1,39.8,1,1,3,5,😴 At Risk,1.9,1,Cluster 4
Angelia Cockrem,167,1,82.33999999999999,4,1,4,9,⭐ Loyal Customers,3.25,2,Cluster 2
Angie Rizzetti,1310,1,36.45,1,1,3,5,😴 At Risk,1.9,1,Cluster 4
Anjanette Goldie,394,1,56.25,3,1,3,7,🔄 Potential Loyalists,2.5,2,Cluster 2
Annabel Antuk,575,1,91.53999999999999,3,1,4,8,⭐ Loyal Customers,2.95,2,Cluster 2
Annabella Danzey,54,1,8.73,4,1,1,6,🆕 New Customers,1.9,3,Cluster 3
Annadiane Dykes,925,1,6.75,2,1,1,4,😐 Need Attention,1.3,1,Cluster 4
Annetta Brentnall,804,1,119.13999999999999,2,1,4,7,🔄 Potential Loyalists,2.65,2,Cluster 2
Annie Campsall,308,1,20.25,4,1,2,7,🔄 Potential Loyalists,2.35,3,Cluster 3
Anny Mundford,509,1,32.22,3,1,3,7,🔄 Potential Loyalists,2.5,3,Cluster 3
Anselma Attwater,1003,2,71.69999999999999,1,4,4,9,🔄 Potential Loyalists,3.1,0,Cluster 1
Anson Iddison,348,1,92.985,3,1,4,8,⭐ Loyal Customers,2.95,2,Cluster 2
Antone Harrold,457,1,5.369999999999999,3,1,1,5,😐 Need Attention,1.6,3,Cluster 3
Antonius Lewry,153,1,45.0,4,1,3,8,⭐ Loyal Customers,2.8,3,Cluster 3
Araldo Bilbrook,1191,1,16.11,1,1,1,3,💀 Lost Customers,1.0,1,Cluster 4
Archambault Gillard,522,1,72.75,3,1,4,8,⭐ Loyal Customers,2.95,2,Cluster 2
Arda Curley,1149,1,7.77,1,1,1,3,💀 Lost Customers,1.0,1,Cluster 4
Ardith Chill,291,1,28.53,4,1,2,7,🔄 Potential Loyalists,2.35,3,Cluster 3
Arel De Lasci,147,1,38.849999999999994,4,1,3,8,⭐ Loyal Customers,2.8,3,Cluster 3
Arlana Ferrea,604,1,44.55,3,1,3,7,🔄 Potential Loyalists,2.5,2,Cluster 2
Arleen Braidman,885,1,17.91,2,1,2,5,😴 At Risk,1.75,1,Cluster 4
Ashbey Tomaszewski,1103,1,43.019999999999996,1,1,3,5,😴 At Risk,1.9,1,Cluster 4
Astrix Kitchingham,95,1,4.455,4,1,1,6,🆕 New Customers,1.9,3,Cluster 3
Audra Kelston,334,1,20.25,3,1,2,6,😐 Need Attention,2.05,3,Cluster 3
Auguste Rizon,377,1,68.75,3,1,4,8,⭐ Loyal Customers,2.95,2,Cluster 2
Augustin Waterhouse,74,1,46.62,4,1,3,8,⭐ Loyal Customers,2.8,3,Cluster 3
Aurea Corradino,624,1,31.455,2,1,2,5,😴 At Risk,1.75,3,Cluster 3
Aurelia Burgwin,978,1,109.93999999999998,1,1,4,6,😴 At Risk,2.35,2,Cluster 2
Avrit Davidowsky,624,1,17.91,2,1,2,5,😴 At Risk,1.75,3,Cluster 3
Babb Pollins,36,1,21.87,4,1,2,7,🔄 Potential Loyalists,2.35,3,Cluster 3
Bar O' Mahony,526,1,7.77,3,1,1,5,😐 Need Attention,1.6,3,Cluster 3
Barnett Sillis,676,1,55.0,2,1,3,6,😴 At Risk,2.2,2,Cluster 2
Barrett Gudde,1057,1,19.02,1,1,2,4,💀 Lost Customers,1.45,1,Cluster 4
Barrie Fallowes,440,1,12.375,3,1,1,5,😐 Need Attention,1.6,3,Cluster 3
Bartholemy Flaherty,248,1,21.87,4,1,2,7,🔄 Potential Loyalists,2.35,3,Cluster 3
Baudoin Alldridge,1214,1,44.75,1,1,3,5,😴 At Risk,1.9,1,Cluster 4
Baxy Cargen,446,1,32.22,3,1,3,7,🔄 Potential Loyalists,2.5,3,Cluster 3
Bayard Wellan,995,1,15.54,1,1,1,3,💀 Lost Customers,1.0,1,Cluster 4
Bear Gaish,266,1,119.13999999999999,4,1,4,9,⭐ Loyal Customers,3.25,2,Cluster 2
Bearnard Wardell,1302,1,53.46,1,1,3,5,😴 At Risk,1.9,1,Cluster 4
Becky Semkins,839,1,14.924999999999999,2,1,1,4,😐 Need Attention,1.3,1,Cluster 4
Bee Fattorini,1,1,29.784999999999997,4,1,2,7,🔄 Potential Loyalists,2.35,3,Cluster 3
Beitris Keaveney,504,1,33.75,3,1,3,7,🔄 Potential Loyalists,2.5,3,Cluster 3
Beltran Mathon,417,1,17.924999999999997,3,1,2,6,😐 Need Attention,2.05,3,Cluster 3
Belvia Umpleby,127,1,7.169999999999999,4,1,1,6,🆕 New Customers,1.9,3,Cluster 3
Benedetto Gozzett,498,1,9.51,3,1,1,5,😐 Need Attention,1.6,3,Cluster 3
Benedikta Paumier,904,1,31.624999999999996,2,1,2,5,😴 At Risk,1.75,1,Cluster 4
Benn Checci,997,1,21.825000000000003,1,1,2,4,💀 Lost Customers,1.45,1,Cluster 4
Berkly Imrie,888,1,17.46,2,1,2,5,😴 At Risk,1.75,1,Cluster 4
Bertine Byrd,1266,1,133.85999999999999,1,1,4,6,😴 At Risk,2.35,2,Cluster 2
Berty Beelby,664,1,29.784999999999997,2,1,2,5,😴 At Risk,1.75,3,Cluster 3
Beryle Kenwell,515,1,20.625,3,1,2,6,😐 Need Attention,2.05,3,Cluster 3
Bette-ann Munden,409,1,13.365,3,1,1,5,😐 Need Attention,1.6,3,Cluster 3
Bettina Leffek,283,1,68.655,4,1,4,9,⭐ Loyal Customers,3.25,2,Cluster 2
Betty Fominov,1151,1,26.849999999999994,1,1,2,4,💀 Lost Customers,1.45,1,Cluster 4
Birgit Domange,305,1,26.849999999999994,4,1,2,7,🔄 Potential Loyalists,2.35,3,Cluster 3
Blake Kelloway,501,1,7.77,3,1,1,5,😐 Need Attention,1.6,3,Cluster 3
Blancha McAmish,561,1,38.849999999999994,3,1,3,7,🔄 Potential Loyalists,2.5,3,Cluster 3
Bo Kindley,261,1,145.82,4,1,4,9,⭐ Loyal Customers,3.25,2,Cluster 2
Bob Giannazzi,1029,1,15.54,1,1,1,3,💀 Lost Customers,1.0,1,Cluster 4
Bobby Folomkin,996,1,178.70999999999998,1,1,4,6,😴 At Risk,2.35,2,Cluster 2
Bobinette Hindsberg,597,1,14.58,3,1,1,5,😐 Need Attention,1.6,3,Cluster 3
Borg Daile,669,1,49.75,2,1,3,6,😴 At Risk,2.2,2,Cluster 2
Boyce Tarte,768,1,41.169999999999995,2,1,3,6,😴 At Risk,2.2,2,Cluster 2
Boyd Bett,823,1,15.54,2,1,1,4,😐 Need Attention,1.3,1,Cluster 4
Bram Revel,43,1,11.94,4,1,1,6,🆕 New Customers,1.9,3,Cluster 3
Bran Sterke,1145,1,27.5,1,1,2,4,💀 Lost Customers,1.45,1,Cluster 4
Brendan Grece,1124,1,28.53,1,1,2,4,💀 Lost Customers,1.45,1,Cluster 4
Brice Romera,679,1,246.20999999999998,2,1,4,7,🔄 Potential Loyalists,2.65,2,Cluster 2
Broderick McGilvra,651,1,148.92499999999998,2,1,4,7,🔄 Potential Loyalists,2.65,2,Cluster 2
Brook Drage,137,1,38.04,4,1,3,8,⭐ Loyal Customers,2.8,3,Cluster 3
Bunny Naulls,1072,1,100.39499999999998,1,1,4,6,😴 At Risk,2.35,2,Cluster 2
Burnard Bartholin,980,1,43.650000000000006,1,1,3,5,😴 At Risk,1.9,1,Cluster 4
Byram Mergue,1038,1,13.5,1,1,1,3,💀 Lost Customers,1.0,1,Cluster 4
Byron Acarson,111,1,63.24999999999999,4,1,3,8,⭐ Loyal Customers,2.8,3,Cluster 3
Caddric Atcheson,785,1,4.755,2,1,1,4,😐 Need Attention,1.3,1,Cluster 4
Caddric Krzysztofiak,891,1,10.739999999999998,2,1,1,4,😐 Need Attention,1.3,1,Cluster 4
Cam Jewster,904,2,46.965,2,4,3,9,🔄 Potential Loyalists,2.95,0,Cluster 1
Camellia Kid,990,1,10.754999999999999,1,1,1,3,💀 Lost Customers,1.0,1,Cluster 4
Carlie Harce,920,1,89.35499999999999,2,1,4,7,🔄 Potential Loyalists,2.65,2,Cluster 2
Carlie Linskill,346,1,56.25,3,1,3,7,🔄 Potential Loyalists,2.5,2,Cluster 2
Carmelita Thowes,1122,1,47.55,1,1,3,5,😴 At Risk,1.9,1,Cluster 4
Carney Clemencet,603,1,44.55,3,1,3,7,🔄 Potential Loyalists,2.5,2,Cluster 2
Carolann Beine,750,1,13.5,2,1,1,4,😐 Need Attention,1.3,1,Cluster 4
Carolee Winchcombe,1306,1,95.1,1,1,4,6,😴 At Risk,2.35,2,Cluster 2
Casi Gwinnett,329,1,7.77,3,1,1,5,😐 Need Attention,1.6,3,Cluster 3
Cassie Pinkerton,518,1,29.849999999999998,3,1,2,6,😐 Need Attention,2.05,3,Cluster 3
Cecil Weatherall,1187,1,13.095,1,1,1,3,💀 Lost Customers,1.0,1,Cluster 4
Cecily Stebbings,1286,1,5.369999999999999,1,1,1,3,💀 Lost Customers,1.0,1,Cluster 4
Celestia Dolohunty,324,1,114.42499999999998,3,1,4,8,⭐ Loyal Customers,2.95,2,Cluster 2
Celia Bakeup,1258,1,47.55,1,1,3,5,😴 At Risk,1.9,1,Cluster 4
Celie MacCourt,342,1,89.35499999999999,3,1,4,8,⭐ Loyal Customers,2.95,2,Cluster 2
Chad Miguel,202,1,79.25,4,1,4,9,⭐ Loyal Customers,3.25,2,Cluster 2
Chance Rowthorn,265,1,8.25,4,1,1,6,🆕 New Customers,1.9,3,Cluster 3
Chantal Mersh,442,1,39.8,3,1,3,7,🔄 Potential Loyalists,2.5,3,Cluster 3
Charin Penwarden,587,1,43.650000000000006,3,1,3,7,🔄 Potential Loyalists,2.5,2,Cluster 2
Charis Crosier,16,1,25.68,4,1,2,7,🔄 Potential Loyalists,2.35,3,Cluster 3
Charlean Keave,300,2,110.61000000000001,4,4,4,12,🏆 Champions,4.0,0,Cluster 1
Charmane Denys,778,1,95.1,2,1,4,7,🔄 Potential Loyalists,2.65,2,Cluster 2
Chiarra Shalders,1144,1,12.95,1,1,1,3,💀 Lost Customers,1.0,1,Cluster 4
Chickie Ragless,1231,1,35.64,1,1,3,5,😴 At Risk,1.9,1,Cluster 4
Chloette Bernardot,396,1,21.87,3,1,2,6,😐 Need Attention,2.05,3,Cluster 3
Chloris Sorrell,220,1,28.62,4,1,2,7,🔄 Potential Loyalists,2.35,3,Cluster 3
Chris Croster,481,1,43.650000000000006,3,1,3,7,🔄 Potential Loyalists,2.5,3,Cluster 3
Chrisy Blofeld,339,1,11.25,3,1,1,5,😐 Need Attention,1.6,3,Cluster 3
Chuck Kendrick,1079,1,89.1,1,1,4,6,😴 At Risk,2.35,2,Cluster 2
Cissiee Raisbeck,270,1,8.73,4,1,1,6,🆕 New Customers,1.9,3,Cluster 3
Claiborne Feye,611,1,29.16,3,1,2,6,😐 Need Attention,2.05,3,Cluster 3
Claiborne Mottram,267,1,19.02,4,1,2,7,🔄 Potential Loyalists,2.35,3,Cluster 3
Claudell Ayre,838,1,33.464999999999996,2,1,3,6,😴 At Risk,2.2,1,Cluster 4
Claudetta Rushe,842,2,193.63499999999996,2,4,4,10,🏆 Champions,3.4,0,Cluster 1
Claudie Weond,1272,1,22.5,1,1,2,4,💀 Lost Customers,1.45,1,Cluster 4
Clayton Kingwell,255,1,8.955,4,1,1,6,🆕 New Customers,1.9,3,Cluster 3
Clement Vasiliev,908,1,28.53,2,1,2,5,😴 At Risk,1.75,1,Cluster 4
Cleopatra Goodrum,928,1,22.275,2,1,2,5,😴 At Risk,1.75,1,Cluster 4
Cletis Giacomazzo,160,1,47.8,4,1,3,8,⭐ Loyal Customers,2.8,3,Cluster 3
Cleve Blowfelde,354,1,21.509999999999998,3,1,2,6,😐 Need Attention,2.05,3,Cluster 3
Cobby Cromwell,280,1,139.725,4,1,4,9,⭐ Loyal Customers,3.25,2,Cluster 2
Cody Verissimo,288,4,183.66,4,4,4,12,🏆 Champions,4.0,0,Cluster 1
Colene Elgey,1199,1,7.29,1,1,1,3,💀 Lost Customers,1.0,1,Cluster 4
Conchita Bryde,620,1,31.624999999999996,3,1,3,7,🔄 Potential Loyalists,2.5,3,Cluster 3
Connor Heaviside,433,1,68.75,3,1,4,8,⭐ Loyal Customers,2.95,2,Cluster 2
Conny Gheraldi,783,1,23.775,2,1,2,5,😴 At Risk,1.75,1,Cluster 4
Constance Halfhide,134,1,29.16,4,1,2,7,🔄 Potential Loyalists,2.35,3,Cluster 3
Constanta Hatfull,1003,1,7.169999999999999,1,1,1,3,💀 Lost Customers,1.0,1,Cluster 4
Cordi Switsur,322,1,76.76,3,1,4,8,⭐ Loyal Customers,2.95,2,Cluster 2
Cordy Odgaard,787,1,77.69999999999999,2,1,4,7,🔄 Potential Loyalists,2.65,2,Cluster 2
Corine Drewett,804,1,22.884999999999998,2,1,2,5,😴 At Risk,1.75,1,Cluster 4
Corinna Catcheside,1292,1,24.3,1,1,2,4,💀 Lost Customers,1.45,1,Cluster 4
Cornie Venour,1012,1,67.5,1,1,4,6,😴 At Risk,2.35,2,Cluster 2
Correy Bourner,1012,1,16.875,1,1,1,3,💀 Lost Customers,1.0,1,Cluster 4
Correy Cottingham,541,1,114.42499999999998,3,1,4,8,⭐ Loyal Customers,2.95,2,Cluster 2
Corrie Wass,1239,1,67.5,1,1,4,6,😴 At Risk,2.35,2,Cluster 2
Cortney Gibbonson,88,1,46.62,4,1,3,8,⭐ Loyal Customers,2.8,3,Cluster 3
Cos Fluin,64,1,33.75,4,1,3,8,⭐ Loyal Customers,2.8,3,Cluster 3
Courtney Pallant,782,1,102.46499999999997,2,1,4,7,🔄 Potential Loyalists,2.65,2,Cluster 2
Cristina Aleixo,750,1,23.31,2,1,2,5,😴 At Risk,1.75,1,Cluster 4
Dael Camilletti,872,1,14.58,2,1,1,4,😐 Need Attention,1.3,1,Cluster 4
Dagny Kornel,622,1,8.955,3,1,1,5,😐 Need Attention,1.6,3,Cluster 3
Dalia Eburah,881,1,137.31,2,1,4,7,🔄 Potential Loyalists,2.65,2,Cluster 2
Dallas Yarham,667,1,29.784999999999997,2,1,2,5,😴 At Risk,1.75,3,Cluster 3
Daniel Heinonen,1122,1,204.92999999999995,1,1,4,6,😴 At Risk,2.35,2,Cluster 2
Darice Heaford,445,1,38.849999999999994,3,1,3,7,🔄 Potential Loyalists,2.5,3,Cluster 3
Darn Penquet,838,1,126.49999999999999,2,1,4,7,🔄 Potential Loyalists,2.65,2,Cluster 2
Darrin Tingly,381,1,111.78,3,1,4,8,⭐ Loyal Customers,2.95,2,Cluster 2
Daryn Dibley,26,1,8.73,4,1,1,6,🆕 New Customers,1.9,3,Cluster 3
Davida Caro,493,1,182.27499999999998,3,1,4,8,⭐ Loyal Customers,2.95,2,Cluster 2
De Drewitt,406,1,8.25,3,1,1,5,😐 Need Attention,1.6,3,Cluster 3
Deana Staite,710,1,17.46,2,1,2,5,😴 At Risk,1.75,1,Cluster 4
Delainey Kiddy,852,1,5.369999999999999,2,1,1,4,😐 Need Attention,1.3,1,Cluster 4
Dell Daveridge,50,1,14.339999999999998,4,1,1,6,🆕 New Customers,1.9,3,Cluster 3
Dell Gut,964,1,74.25,2,1,4,7,🔄 Potential Loyalists,2.65,2,Cluster 2
Denny O' Ronan,687,1,68.655,2,1,4,7,🔄 Potential Loyalists,2.65,2,Cluster 2
Denyse O'Calleran,117,1,27.945,4,1,2,7,🔄 Potential Loyalists,2.35,3,Cluster 3
Deonne Shortall,463,1,8.055,3,1,1,5,😐 Need Attention,1.6,3,Cluster 3
Devan Crownshaw,1161,1,89.35499999999999,1,1,4,6,😴 At Risk,2.35,2,Cluster 2
Devland Gritton,300,1,114.85,4,2,4,10,🏆 Champions,3.5,2,Cluster 2
Devon Magowan,912,1,59.4,2,2,3,7,🔄 Potential Loyalists,2.45,2,Cluster 2
Diane-marie Wincer,609,1,25.9,3,2,2,7,🔄 Potential Loyalists,2.3,3,Cluster 3
Dianne Chardin,783,1,63.24999999999999,2,2,4,8,🔄 Potential Loyalists,2.9,2,Cluster 2
Dick Drinkall,979,1,20.584999999999997,1,2,2,5,😴 At Risk,1.7,1,Cluster 4
Dionne Skyner,447,1,33.75,3,2,3,8,⭐ Loyal Customers,2.75,3,Cluster 3
Doll Beauchamp,69,1,145.82,4,2,4,10,🏆 Champions,3.5,2,Cluster 2
Dollie Gadsden,100,1,45.769999999999996,4,2,3,9,⭐ Loyal Customers,3.05,3,Cluster 3
Dolores Duffie,1319,1,111.78,1,2,4,7,🔄 Potential Loyalists,2.6,2,Cluster 2
Domeniga Duke,296,1,49.75,4,2,3,9,⭐ Loyal Customers,3.05,3,Cluster 3
Don Flintiff,383,3,278.01,3,4,4,11,🏆 Champions,3.7,0,Cluster 1
Donalt Sangwin,865,1,27.0,2,2,2,6,😴 At Risk,2.0,1,Cluster 4
Donavon Fowle,1133,1,8.955,1,2,1,4,💀 Lost Customers,1.25,1,Cluster 4
Donica Bonhome,420,1,18.225,3,2,2,7,🔄 Potential Loyalists,2.3,3,Cluster 3
Donnie Hedlestone,808,1,25.874999999999996,2,2,2,6,😴 At Risk,2.0,1,Cluster 4
Donny Fries,130,1,59.699999999999996,4,2,3,9,⭐ Loyal Customers,3.05,3,Cluster 3
Dorelia Bury,801,1,109.93999999999998,2,2,4,8,🔄 Potential Loyalists,2.9,2,Cluster 2
Dorey Sopper,330,1,148.92499999999998,3,2,4,9,⭐ Loyal Customers,3.2,2,Cluster 2
Dorian Vizor,1196,1,35.82,1,2,3,6,😴 At Risk,2.15,1,Cluster 4
Dorie de la Tremoille,847,1,114.42499999999998,2,2,4,8,🔄 Potential Loyalists,2.9,2,Cluster 2
Dorotea Hollyman,816,1,17.91,2,2,2,6,😴 At Risk,2.0,1,Cluster 4
Dottie Rallin,261,1,9.95,4,2,1,7,🔄 Potential Loyalists,2.15,3,Cluster 3
Dottie Tift,278,1,21.87,4,2,2,8,⭐ Loyal Customers,2.6,3,Cluster 3
Drake Jevon,570,1,3.5849999999999995,3,2,1,6,😐 Need Attention,1.85,3,Cluster 3
Duky Phizackerly,661,1,170.77499999999998,2,2,4,8,🔄 Potential Loyalists,2.9,2,Cluster 2
Dyanna Aizikovitz,305,1,38.849999999999994,4,2,3,9,⭐ Loyal Customers,3.05,3,Cluster 3
Eal D'Ambrogio,215,1,35.64,4,2,3,9,⭐ Loyal Customers,3.05,3,Cluster 3
Eddi Sedgebeer,535,1,16.11,3,2,1,6,😐 Need Attention,1.85,3,Cluster 3
Effie Yurkov,91,1,133.85999999999999,4,2,4,10,🏆 Champions,3.5,2,Cluster 2
Elden Andriessen,781,1,51.74999999999999,2,2,3,7,🔄 Potential Loyalists,2.45,2,Cluster 2
Elizabet Aizikowitz,201,1,35.64,4,2,3,9,⭐ Loyal Customers,3.05,3,Cluster 3
Elka Windress,953,1,21.87,2,2,2,6,😴 At Risk,2.0,1,Cluster 4
Elna Grise,509,1,35.849999999999994,3,2,3,8,⭐ Loyal Customers,2.75,3,Cluster 3
Elsbeth Westerman,456,1,14.339999999999998,3,2,1,6,😐 Need Attention,1.85,3,Cluster 3
Else Langcaster,1255,1,35.64,1,2,3,6,😴 At Risk,2.15,1,Cluster 4
Emalee Rolin,1190,1,22.275,1,2,2,5,😴 At Risk,1.7,1,Cluster 4
Emiline Galgey,147,1,20.584999999999997,4,2,2,8,⭐ Loyal Customers,2.6,3,Cluster 3
Emiline Priddis,1099,1,87.30000000000001,1,2,4,7,🔄 Potential Loyalists,2.6,2,Cluster 2
Emlynne Heining,673,1,109.93999999999998,2,2,4,8,🔄 Potential Loyalists,2.9,2,Cluster 2
Emlynne Laird,395,1,36.45,3,2,3,8,⭐ Loyal Customers,2.75,3,Cluster 3
Emlynne Palfrey,1085,1,7.77,1,2,1,4,💀 Lost Customers,1.25,1,Cluster 4
Emmaline Rasmus,537,1,7.29,3,2,1,6,😐 Need Attention,1.85,3,Cluster 3
Ericka Tripp,649,1,26.849999999999994,2,2,2,6,😴 At Risk,2.0,3,Cluster 3
Ermin Beeble,566,1,33.75,3,2,3,8,⭐ Loyal Customers,2.75,3,Cluster 3
Ethel Ryles,727,1,22.5,2,2,2,6,😴 At Risk,2.0,1,Cluster 4
Ethelda Hobbing,497,1,63.24999999999999,3,2,4,9,⭐ Loyal Customers,3.2,2,Cluster 2
Eustace Stenton,1283,1,55.0,1,2,3,6,😴 At Risk,2.15,1,Cluster 4
Eveleen Bletsor,929,1,26.19,2,2,2,6,😴 At Risk,2.0,1,Cluster 4
Evelina Dacca,1141,1,12.15,1,2,1,4,💀 Lost Customers,1.25,1,Cluster 4
Evy Wilsone,781,1,33.75,2,2,3,7,🔄 Potential Loyalists,2.45,1,Cluster 4
Faber Eilhart,445,1,35.82,3,2,3,8,⭐ Loyal Customers,2.75,3,Cluster 3
Fanchette Parlot,962,1,6.75,2,2,1,5,😴 At Risk,1.55,1,Cluster 4
Fanchon Haughian,739,1,35.849999999999994,2,2,3,7,🔄 Potential Loyalists,2.45,2,Cluster 2
Fanny Flanagan,831,1,26.19,2,2,2,6,😴 At Risk,2.0,1,Cluster 4
Faunie Brigham,113,1,163.71999999999997,4,2,4,10,🏆 Champions,3.5,2,Cluster 2
Felice Miell,134,1,51.74999999999999,4,2,3,9,⭐ Loyal Customers,3.05,3,Cluster 3
Felicia Jecock,661,1,31.7,2,2,3,7,🔄 Potential Loyalists,2.45,3,Cluster 3
Feliks Babber,107,1,74.25,4,2,4,10,🏆 Champions,3.5,3,Cluster 3
Felita Dauney,150,1,17.9,4,2,2,8,⭐ Loyal Customers,2.6,3,Cluster 3
Felita Eshmade,719,1,14.58,2,2,1,5,😴 At Risk,1.55,1,Cluster 4
Ferdie Tourry,242,1,66.92999999999999,4,2,4,10,🏆 Champions,3.5,2,Cluster 2
Fernando Sulman,78,1,35.8,4,2,3,9,⭐ Loyal Customers,3.05,3,Cluster 3
Ferrell Ferber,530,1,39.8,3,2,3,8,⭐ Loyal Customers,2.75,3,Cluster 3
Fielding Keinrat,1029,1,77.62499999999999,1,2,4,7,🔄 Potential Loyalists,2.6,2,Cluster 2
Filip Antcliffe,333,1,7.29,3,2,1,6,😐 Need Attention,1.85,3,Cluster 3
Fleur Parres,1073,1,31.08,1,2,2,5,😴 At Risk,1.7,1,Cluster 4
Flory Crumpe,1273,1,7.77,1,2,1,4,💀 Lost Customers,1.25,1,Cluster 4
Foster Constance,231,3,141.785,4,4,4,12,🏆 Champions,4.0,0,Cluster 1
Franny Kienlein,750,1,52.38,2,2,3,7,🔄 Potential Loyalists,2.45,2,Cluster 2
Frans Habbergham,307,1,11.94,4,2,1,7,🔄 Potential Loyalists,2.15,3,Cluster 3
Fransisco Malecky,688,1,6.75,2,2,1,5,😴 At Risk,1.55,1,Cluster 4
Freda Hollows,563,1,103.49999999999999,3,2,4,9,⭐ Loyal Customers,3.2,2,Cluster 2
Friederike Drysdale,621,1,45.769999999999996,3,2,3,8,⭐ Loyal Customers,2.75,2,Cluster 2
Gabie Tweed,1117,1,27.674999999999997,1,2,2,5,😴 At Risk,1.7,1,Cluster 4
Gabriel Starcks,1281,1,59.56999999999999,1,2,3,6,😴 At Risk,2.15,1,Cluster 4
Gaile Goggin,623,1,20.25,3,2,2,7,🔄 Potential Loyalists,2.3,3,Cluster 3
Gale Croysdale,1291,1,26.849999999999998,1,2,2,5,😴 At Risk,1.7,1,Cluster 4
Gale Heindrick,298,1,59.75,4,2,3,9,⭐ Loyal Customers,3.05,2,Cluster 2
Gallard Gatheral,399,1,23.775,3,2,2,7,🔄 Potential Loyalists,2.3,3,Cluster 3
Gardy Dimitriou,519,1,26.73,3,2,2,7,🔄 Potential Loyalists,2.3,3,Cluster 3
Gaspar McGavin,973,1,47.8,2,2,3,7,🔄 Potential Loyalists,2.45,2,Cluster 2
Gay Eilhersen,323,1,63.24999999999999,3,2,4,9,⭐ Loyal Customers,3.2,2,Cluster 2
Gay Rizzello,998,1,59.699999999999996,1,2,3,6,😴 At Risk,2.15,2,Cluster 2
Geneva Standley,739,1,19.02,2,2,2,6,😴 At Risk,2.0,1,Cluster 4
Geoffrey Siuda,461,1,14.339999999999998,3,2,1,6,😐 Need Attention,1.85,3,Cluster 3
Georgena Bentjens,251,1,38.849999999999994,4,2,3,9,⭐ Loyal Customers,3.05,3,Cluster 3
Gerardo Schonfeld,1174,1,16.11,1,2,1,4,💀 Lost Customers,1.25,1,Cluster 4
Giacobo Skingle,242,1,18.225,4,2,2,8,⭐ Loyal Customers,2.6,3,Cluster 3
Gilberto Cornier,289,1,89.1,4,2,4,10,🏆 Champions,3.5,2,Cluster 2
Gladi Ducker,1326,1,94.505,1,2,4,7,🔄 Potential Loyalists,2.6,2,Cluster 2
Glory Clemon,228,1,100.39499999999998,4,2,4,10,🏆 Champions,3.5,2,Cluster 2
Gnni Cheeke,348,1,83.83500000000001,3,2,4,9,⭐ Loyal Customers,3.2,2,Cluster 2
Godfry Poinsett,619,1,35.64,3,2,3,8,⭐ Loyal Customers,2.75,3,Cluster 3
Goldie Wynes,1047,1,27.945,1,2,2,5,😴 At Risk,1.7,1,Cluster 4
Gothart Bamfield,668,1,38.04,2,2,3,7,🔄 Potential Loyalists,2.45,2,Cluster 2
Graeme Whitehead,282,1,31.7,4,2,3,9,⭐ Loyal Customers,3.05,3,Cluster 3
Gran Sibray,1116,1,17.91,1,2,2,5,😴 At Risk,1.7,1,Cluster 4
Granger Fantham,643,1,79.25,2,2,4,8,🔄 Potential Loyalists,2.9,2,Cluster 2
Granger Smallcombe,779,1,31.624999999999996,2,2,3,7,🔄 Potential Loyalists,2.45,1,Cluster 4
Granville Alberts,1032,1,17.82,1,2,2,5,😴 At Risk,1.7,1,Cluster 4
Grazia Oats,1068,1,9.95,1,2,1,4,💀 Lost Customers,1.25,1,Cluster 4
Gregg Hawkyens,1110,1,8.955,1,2,1,4,💀 Lost Customers,1.25,1,Cluster 4
Gregorius Kislingbury,328,1,46.62,3,2,3,8,⭐ Loyal Customers,2.75,3,Cluster 3
Gregorius Trengrove,806,1,148.92499999999998,2,2,4,8,🔄 Potential Loyalists,2.9,2,Cluster 2
Grete Holborn,1153,1,155.24999999999997,1,2,4,7,🔄 Potential Loyalists,2.6,2,Cluster 2
Guenevere Ruggen,843,1,8.055,2,2,1,5,😴 At Risk,1.55,1,Cluster 4
Gussy Broadbear,610,1,89.1,3,2,4,9,⭐ Loyal Customers,3.2,2,Cluster 2
Gustaf Ciccotti,957,1,59.75,2,2,3,7,🔄 Potential Loyalists,2.45,2,Cluster 2
Guthrey Petracci,1326,1,17.91,1,2,2,5,😴 At Risk,1.7,1,Cluster 4
Gwenni Ratt,344,1,109.93999999999998,3,2,4,9,⭐ Loyal Customers,3.2,2,Cluster 2
Hadley Reuven,82,1,123.50999999999999,4,2,4,10,🏆 Champions,3.5,2,Cluster 2
Hailee Radbone,776,1,35.849999999999994,2,2,3,7,🔄 Potential Loyalists,2.45,2,Cluster 2
Hall Ranner,1153,1,158.12499999999997,1,2,4,7,🔄 Potential Loyalists,2.6,2,Cluster 2
Hamlen Pallister,355,1,10.935,3,2,1,6,😐 Need Attention,1.85,3,Cluster 3
Hartley Mattioli,1074,1,102.75999999999999,1,2,4,7,🔄 Potential Loyalists,2.6,2,Cluster 2
Haslett Jodrelle,431,1,22.884999999999998,3,2,2,7,🔄 Potential Loyalists,2.3,3,Cluster 3
Hayward Goulter,1039,1,2.985,1,2,1,4,💀 Lost Customers,1.25,1,Cluster 4
Hazel Saill,675,1,82.5,2,2,4,8,🔄 Potential Loyalists,2.9,2,Cluster 2
Heall Perris,583,1,46.62,3,2,3,8,⭐ Loyal Customers,2.75,2,Cluster 2
Heda Fromant,924,1,15.54,2,2,1,5,😴 At Risk,1.55,1,Cluster 4
Helaina Rainforth,379,1,33.47,3,2,3,8,⭐ Loyal Customers,2.75,3,Cluster 3
Helli Petroulis,1129,1,123.50999999999999,1,2,4,7,🔄 Potential Loyalists,2.6,2,Cluster 2
Heloise Zeal,190,1,25.9,4,2,2,8,⭐ Loyal Customers,2.6,3,Cluster 3
Henderson Crowne,119,1,15.54,4,2,1,7,🔄 Potential Loyalists,2.15,3,Cluster 3
Hermann Larvor,250,1,178.70999999999998,4,2,4,10,🏆 Champions,3.5,2,Cluster 2
Hewet Synnot,767,1,11.25,2,2,1,5,😴 At Risk,1.55,1,Cluster 4
Hildegarde Brangan,637,1,111.78,2,2,4,8,🔄 Potential Loyalists,2.9,2,Cluster 2
Hillel Mairs,903,1,2.985,2,2,1,5,😴 At Risk,1.55,1,Cluster 4
Hussein Olliff,1052,1,33.75,1,2,3,6,😴 At Risk,2.15,1,Cluster 4
Ibby Charters,253,1,20.625,4,2,2,8,⭐ Loyal Customers,2.6,3,Cluster 3
Ilaire Sprakes,413,1,54.96999999999999,3,2,3,8,⭐ Loyal Customers,2.75,2,Cluster 2
Ilka Gurnee,964,1,23.31,2,2,2,6,😴 At Risk,2.0,1,Cluster 4
Ilysa Whapple,534,1,13.5,3,2,1,6,😐 Need Attention,1.85,3,Cluster 3
Ingamar Eberlein,701,1,21.509999999999998,2,2,2,6,😴 At Risk,2.0,1,Cluster 4
Ingeberg Mulliner,1100,1,15.85,1,2,1,4,💀 Lost Customers,1.25,1,Cluster 4
Ingelbert Hotchkin,1254,1,167.67000000000002,1,2,4,7,🔄 Potential Loyalists,2.6,2,Cluster 2
Inger Bouldon,1,1,15.54,4,2,1,7,🔄 Potential Loyalists,2.15,3,Cluster 3
Innis Renhard,324,1,72.9,3,2,4,9,⭐ Loyal Customers,3.2,2,Cluster 2
Iorgo Kleinert,190,1,11.94,4,2,1,7,🔄 Potential Loyalists,2.15,3,Cluster 3
Ira Sjostrom,244,1,80.67,4,2,4,10,🏆 Champions,3.5,2,Cluster 2
Irv Hay,438,1,5.97,3,2,1,6,😐 Need Attention,1.85,3,Cluster 3
Irvine Phillpot,1276,1,41.25,1,2,3,6,😴 At Risk,2.15,1,Cluster 4
Isa Blazewicz,396,1,31.08,3,2,2,7,🔄 Potential Loyalists,2.3,3,Cluster 3
Isac Jesper,519,1,59.699999999999996,3,2,3,8,⭐ Loyal Customers,2.75,2,Cluster 2
Isidore Hussey,264,1,17.91,4,2,2,8,⭐ Loyal Customers,2.6,3,Cluster 3
Isis Hessel,838,1,83.83500000000001,2,2,4,8,🔄 Potential Loyalists,2.9,2,Cluster 2
Isis Pikett,3,1,38.849999999999994,4,2,3,9,⭐ Loyal Customers,3.05,3,Cluster 3
Itch Norquoy,660,1,13.5,2,2,1,5,😴 At Risk,1.55,3,Cluster 3
Jacinthe Balsillie,742,1,12.95,2,2,1,5,😴 At Risk,1.55,1,Cluster 4
Jackquelin Chugg,762,1,82.33999999999999,2,2,4,8,🔄 Potential Loyalists,2.9,2,Cluster 2
Jacquelyn Maha,481,1,8.91,3,2,1,6,😐 Need Attention,1.85,3,Cluster 3
Jami Redholes,429,1,12.95,3,2,1,6,😐 Need Attention,1.85,3,Cluster 3
Janella Eden,1252,1,59.56999999999999,1,2,3,6,😴 At Risk,2.15,1,Cluster 4
Janella Millett,157,2,162.17499999999998,4,4,4,12,🏆 Champions,4.0,0,Cluster 1
Janeva Edinboro,219,1,28.679999999999996,4,2,2,8,⭐ Loyal Customers,2.6,3,Cluster 3
Janifer Bagot,903,1,14.924999999999999,2,2,1,5,😴 At Risk,1.55,1,Cluster 4
Jany Rudeforth,416,1,23.31,3,2,2,7,🔄 Potential Loyalists,2.3,3,Cluster 3
Jaquenette Skentelbery,1113,1,25.9,1,2,2,5,😴 At Risk,1.7,1,Cluster 4
Jarred Camillo,628,1,8.91,2,2,1,5,😴 At Risk,1.55,3,Cluster 3
Jarret Toye,1285,1,25.9,1,2,2,5,😴 At Risk,1.7,1,Cluster 4
Jasper Sisneros,822,1,11.94,2,2,1,5,😴 At Risk,1.55,1,Cluster 4
Javier Kopke,1100,1,41.25,1,2,3,6,😴 At Risk,2.15,1,Cluster 4
Jed Kennicott,42,1,31.08,4,2,2,8,⭐ Loyal Customers,2.6,3,Cluster 3
Jeffrey Dufaire,1129,1,101.29499999999999,1,2,4,7,🔄 Potential Loyalists,2.6,2,Cluster 2
Jemimah Ethelston,165,1,30.06,4,2,2,8,⭐ Loyal Customers,2.6,3,Cluster 3
Jennica Tewelson,957,1,27.484999999999996,2,2,2,6,😴 At Risk,2.0,1,Cluster 4
Jennifer Rangall,397,1,17.82,3,2,2,7,🔄 Potential Loyalists,2.3,3,Cluster 3
Jennifer Wilkisson,1206,1,8.055,1,2,1,4,💀 Lost Customers,1.25,1,Cluster 4
Jeno Capey,462,1,3.885,3,2,1,6,😐 Need Attention,1.85,3,Cluster 3
Jeno Druitt,156,1,72.91,4,2,4,10,🏆 Champions,3.5,2,Cluster 2
Jereme Gippes,1248,1,52.38,1,2,3,6,😴 At Risk,2.15,1,Cluster 4
Jermaine Branchett,806,1,91.53999999999999,2,2,4,8,🔄 Potential Loyalists,2.9,2,Cluster 2
Jewelle Shenton,843,1,63.24999999999999,2,2,4,8,🔄 Potential Loyalists,2.9,2,Cluster 2
Jilly Dreng,354,1,22.5,3,2,2,7,🔄 Potential Loyalists,2.3,3,Cluster 3
Jimmy Dymoke,67,5,120.38499999999999,4,4,4,12,🏆 Champions,4.0,0,Cluster 1
Joceline Reddoch,904,1,137.42499999999998,2,2,4,8,🔄 Potential Loyalists,2.9,2,Cluster 2
Jocko Pray,320,1,114.42499999999998,3,2,4,9,⭐ Loyal Customers,3.2,2,Cluster 2
Jodee Caldicott,917,1,155.24999999999997,2,2,4,8,🔄 Potential Loyalists,2.9,2,Cluster 2
Joey Jefferys,1069,1,29.849999999999998,1,2,2,5,😴 At Risk,1.7,1,Cluster 4
Johna Bluck,1100,1,31.08,1,2,2,5,😴 At Risk,1.7,1,Cluster 4
Jordana Halden,236,1,14.58,4,2,1,7,🔄 Potential Loyalists,2.15,3,Cluster 3
Joshuah Awdry,1201,1,23.88,1,2,2,5,😴 At Risk,1.7,1,Cluster 4
Judd De Leek,696,1,5.97,2,2,1,5,😴 At Risk,1.55,1,Cluster 4
Jule Deehan,253,1,20.25,4,2,2,8,⭐ Loyal Customers,2.6,3,Cluster 3
Julius Mccaull,770,1,41.25,2,2,3,7,🔄 Potential Loyalists,2.45,2,Cluster 2
Kacy Canto,1150,1,137.42499999999998,1,3,4,8,🔄 Potential Loyalists,2.85,2,Cluster 2
Kaela Nottram,22,1,45.769999999999996,4,3,3,10,🏆 Champions,3.3,3,Cluster 3
Kaja Loxton,511,1,87.30000000000001,3,3,4,10,🏆 Champions,3.45,2,Cluster 2
Kameko Philbrick,1247,1,12.15,1,3,1,5,😴 At Risk,1.5,1,Cluster 4
Kandace Cragell,150,1,28.679999999999996,4,3,2,9,⭐ Loyal Customers,2.85,3,Cluster 3
Kandy Heddan,510,1,41.25,3,3,3,9,⭐ Loyal Customers,3.0,3,Cluster 3
Kari Swede,956,1,33.0,2,3,3,8,🔄 Potential Loyalists,2.7,1,Cluster 4
Karl Imorts,599,1,139.725,3,3,4,10,🏆 Champions,3.45,2,Cluster 2
Karlan Karby,583,1,59.4,3,3,3,9,⭐ Loyal Customers,3.0,2,Cluster 2
Karry Flanders,1193,1,145.82,1,3,4,8,🔄 Potential Loyalists,2.85,2,Cluster 2
Karylin Huddart,839,1,23.775,2,3,2,7,🔄 Potential Loyalists,2.25,1,Cluster 4
Katerina Melloi,1047,1,25.9,1,3,2,6,😴 At Risk,1.95,1,Cluster 4
Keefer Cake,314,1,57.06,4,3,3,10,🏆 Champions,3.3,3,Cluster 3
Ken Lestrange,921,1,26.73,2,3,2,7,🔄 Potential Loyalists,2.25,1,Cluster 4
Kerr Patise,96,1,14.339999999999998,4,3,1,8,⭐ Loyal Customers,2.4,3,Cluster 3
Ketty Bromehead,957,1,119.13999999999999,2,3,4,9,🔄 Potential Loyalists,3.15,2,Cluster 2
Kevan Grinsted,1214,1,64.75,1,3,4,8,🔄 Potential Loyalists,2.85,2,Cluster 2
Kienan Ferson,791,1,13.365,2,3,1,6,😴 At Risk,1.8,1,Cluster 4
Kienan Scholard,270,1,33.75,4,3,3,10,🏆 Champions,3.3,3,Cluster 3
Killian Osler,1209,1,63.4,1,3,4,8,🔄 Potential Loyalists,2.85,2,Cluster 2
Kim Kemery,8,1,23.9,4,3,2,9,⭐ Loyal Customers,2.85,3,Cluster 3
Kipper Boorn,393,1,53.699999999999996,3,3,3,9,⭐ Loyal Customers,3.0,2,Cluster 2
Kippie Marrison,147,2,135.01,4,4,4,12,🏆 Champions,4.0,0,Cluster 1
Kizzie Warman,1009,1,66.92999999999999,1,3,4,8,🔄 Potential Loyalists,2.85,2,Cluster 2
Klarika Egglestone,700,1,72.9,2,3,4,9,🔄 Potential Loyalists,3.15,2,Cluster 2
Konstantine Thoumasson,523,1,8.91,3,3,1,7,🔄 Potential Loyalists,2.1,3,Cluster 3
Koralle Heads,409,1,35.849999999999994,3,3,3,9,⭐ Loyal Customers,3.0,3,Cluster 3
Koren Ferretti,250,1,23.31,4,3,2,9,⭐ Loyal Customers,2.85,3,Cluster 3
Koressa O'Geneay,232,1,47.8,4,3,3,10,🏆 Champions,3.3,3,Cluster 3
Kris O'Cullen,230,1,45.769999999999996,4,3,3,10,🏆 Champions,3.3,3,Cluster 3
Krissie Hammett,1322,1,11.94,1,3,1,5,😴 At Risk,1.5,1,Cluster 4
Kristos Streight,511,1,8.73,3,3,1,7,🔄 Potential Loyalists,2.1,3,Cluster 3
Lacee Burtenshaw,1015,1,145.82,1,3,4,8,🔄 Potential Loyalists,2.85,2,Cluster 2
Lacee Tanti,1211,1,204.92999999999995,1,3,4,8,🔄 Potential Loyalists,2.85,2,Cluster 2
Laryssa Benediktovich,966,1,8.25,2,3,1,6,😴 At Risk,1.8,1,Cluster 4
Laurence Ellingham,153,1,3.645,4,3,1,8,⭐ Loyal Customers,2.4,3,Cluster 3
Lauritz Ledgley,205,1,27.0,4,3,2,9,⭐ Loyal Customers,2.85,3,Cluster 3
Lawrence Pratt,160,1,43.650000000000006,4,3,3,10,🏆 Champions,3.3,3,Cluster 3
Layne Imason,877,1,43.650000000000006,2,3,3,8,🔄 Potential Loyalists,2.7,2,Cluster 2
Leesa Flaonier,101,1,63.24999999999999,4,3,4,11,🏆 Champions,3.75,3,Cluster 3
Leia Kernan,270,1,58.2,4,3,3,10,🏆 Champions,3.3,3,Cluster 3
Lem Pennacci,867,1,53.46,2,3,3,8,🔄 Potential Loyalists,2.7,2,Cluster 2
Lemuel Rignold,230,1,200.78999999999996,4,3,4,11,🏆 Champions,3.75,2,Cluster 2
Lenci Haggerstone,593,1,35.82,3,3,3,9,⭐ Loyal Customers,3.0,3,Cluster 3
Lenette Dwerryhouse,491,1,82.33999999999999,3,3,4,10,🏆 Champions,3.45,2,Cluster 2
Lenka Rushmer,280,1,77.69999999999999,4,3,4,11,🏆 Champions,3.75,2,Cluster 2
Leonie Cullrford,626,1,24.75,2,3,2,7,🔄 Potential Loyalists,2.25,3,Cluster 3
Leonore Francisco,769,1,71.15,2,3,4,9,🔄 Potential Loyalists,3.15,2,Cluster 2
Leontine Rubrow,586,1,23.31,3,3,2,8,⭐ Loyal Customers,2.55,3,Cluster 3
Lewes Danes,217,1,43.650000000000006,4,3,3,10,🏆 Champions,3.3,3,Cluster 3
Lexie Mallan,842,1,23.775,2,3,2,7,🔄 Potential Loyalists,2.25,1,Cluster 4
Lind Conyers,837,1,24.3,2,3,2,7,🔄 Potential Loyalists,2.25,1,Cluster 4
Lindon Agnolo,837,1,77.62499999999999,2,3,4,9,🔄 Potential Loyalists,3.15,2,Cluster 2
Lindy Uttermare,853,1,43.650000000000006,2,3,3,8,🔄 Potential Loyalists,2.7,2,Cluster 2
Linn Alaway,576,1,20.25,3,3,2,8,⭐ Loyal Customers,2.55,3,Cluster 3
Linus Flippelli,522,1,126.49999999999999,3,3,4,10,🏆 Champions,3.45,2,Cluster 2
Lisa Goodger,12,1,21.479999999999997,4,3,2,9,⭐ Loyal Customers,2.85,3,Cluster 3
Livy Lathleiff,1220,1,36.45,1,3,3,7,🔄 Potential Loyalists,2.4,1,Cluster 4
Llywellyn Oscroft,74,1,114.42499999999998,4,3,4,11,🏆 Champions,3.75,2,Cluster 2
Lorelei Nardoni,1121,1,8.95,1,3,1,5,😴 At Risk,1.5,1,Cluster 4
Lorenzo Yeoland,44,1,7.29,4,3,1,8,⭐ Loyal Customers,2.4,3,Cluster 3
Lorianne Kyneton,546,1,29.849999999999998,3,3,2,8,⭐ Loyal Customers,2.55,3,Cluster 3
Lothaire Mizzi,873,1,40.5,2,3,3,8,🔄 Potential Loyalists,2.7,2,Cluster 2
Lowell Keenleyside,387,1,11.94,3,3,1,7,🔄 Potential Loyalists,2.1,3,Cluster 3
Lucienne Scargle,1042,1,56.669999999999995,1,3,3,7,🔄 Potential Loyalists,2.4,2,Cluster 2
Lukas Whittlesee,1164,1,17.924999999999997,1,3,2,6,😴 At Risk,1.95,1,Cluster 4
Lyn Entwistle,774,1,9.95,2,3,1,6,😴 At Risk,1.8,1,Cluster 4
Lyndsey MacManus,1208,1,136.61999999999998,1,3,4,8,🔄 Potential Loyalists,2.85,2,Cluster 2
Lynnea Danton,534,1,19.9,3,3,2,8,⭐ Loyal Customers,2.55,3,Cluster 3
Lyon Ibert,1227,1,8.73,1,3,1,5,😴 At Risk,1.5,1,Cluster 4
Mab Blakemore,767,1,59.75,2,3,3,8,🔄 Potential Loyalists,2.7,2,Cluster 2
Madelene Prinn,948,1,33.464999999999996,2,3,3,8,🔄 Potential Loyalists,2.7,1,Cluster 4
Mag Armistead,347,1,43.684999999999995,3,3,3,9,⭐ Loyal Customers,3.0,3,Cluster 3
Maggy Baistow,913,1,8.25,2,3,1,6,😴 At Risk,1.8,1,Cluster 4
Maggy Harby,96,1,21.509999999999998,4,3,2,9,⭐ Loyal Customers,2.85,3,Cluster 3
Mahala Ludwell,525,1,23.88,3,3,2,8,⭐ Loyal Customers,2.55,3,Cluster 3
Maisie Sarvar,663,1,11.655,2,3,1,6,😴 At Risk,1.8,3,Cluster 3
Malynda Glawsop,99,1,7.29,4,3,1,8,⭐ Loyal Customers,2.4,3,Cluster 3
Man Fright,553,1,16.11,3,3,1,7,🔄 Potential Loyalists,2.1,3,Cluster 3
Manuel Darrigoe,1237,1,14.339999999999998,1,3,1,5,😴 At Risk,1.5,1,Cluster 4
Margie Palleske,1267,1,41.25,1,3,3,7,🔄 Potential Loyalists,2.4,1,Cluster 4
Marianna Vedmore,435,1,114.42499999999998,3,3,4,10,🏆 Champions,3.45,2,Cluster 2
Marie-jeanne Redgrave,66,1,13.365,4,3,1,8,⭐ Loyal Customers,2.4,3,Cluster 3
Marja Urion,287,5,158.995,4,4,4,12,🏆 Champions,4.0,0,Cluster 1
Marjorie Yoxen,744,1,35.64,2,3,3,8,🔄 Potential Loyalists,2.7,2,Cluster 2
Marlena Howsden,1110,1,38.849999999999994,1,3,3,7,🔄 Potential Loyalists,2.4,1,Cluster 4
Martie Brimilcombe,701,1,9.95,2,3,1,6,😴 At Risk,1.8,1,Cluster 4
Marty Scholl,275,1,17.46,4,3,2,9,⭐ Loyal Customers,2.85,3,Cluster 3
Marvin Gundry,1259,1,38.04,1,3,3,7,🔄 Potential Loyalists,2.4,1,Cluster 4
Marvin Malloy,1317,1,68.655,1,3,4,8,🔄 Potential Loyalists,2.85,1,Cluster 4
Mathilda Matiasek,39,1,63.24999999999999,4,3,4,11,🏆 Champions,3.75,3,Cluster 3
Maxim McParland,1065,1,45.769999999999996,1,3,3,7,🔄 Potential Loyalists,2.4,1,Cluster 4
Meade Birkin,81,1,29.1,4,3,2,9,⭐ Loyal Customers,2.85,3,Cluster 3
Melli Brockway,967,1,34.154999999999994,2,3,3,8,🔄 Potential Loyalists,2.7,1,Cluster 4
Melodie OIlier,584,1,5.369999999999999,3,3,1,7,🔄 Potential Loyalists,2.1,3,Cluster 3
Melosa Kippen,289,1,5.369999999999999,4,3,1,8,⭐ Loyal Customers,2.4,3,Cluster 3
Mercedes Acott,914,1,2.985,2,3,1,6,😴 At Risk,1.8,1,Cluster 4
Merrel Steptow,1237,1,14.55,1,3,1,5,😴 At Risk,1.5,1,Cluster 4
Merrile Cobbledick,387,1,6.75,3,3,1,7,🔄 Potential Loyalists,2.1,3,Cluster 3
Michale Delves,640,1,155.24999999999997,2,3,4,9,🔄 Potential Loyalists,3.15,2,Cluster 2
Milty Middis,512,1,178.70999999999998,3,3,4,10,🏆 Champions,3.45,2,Cluster 2
Mindy Bogey,282,1,45.0,4,3,3,10,🏆 Champions,3.3,3,Cluster 3
Minetta Ackrill,1034,1,59.75,1,3,3,7,🔄 Potential Loyalists,2.4,2,Cluster 2
Minette Whellans,510,1,53.46,3,3,3,9,⭐ Loyal Customers,3.0,2,Cluster 2
Minni Alabaster,1249,1,20.25,1,3,2,6,😴 At Risk,1.95,1,Cluster 4
Minny Chamberlayne,1249,1,63.24999999999999,1,3,4,8,🔄 Potential Loyalists,2.85,1,Cluster 4
Miran Doidge,272,1,41.25,4,3,3,10,🏆 Champions,3.3,3,Cluster 3
Mitch Attwool,284,1,7.77,4,3,1,8,⭐ Loyal Customers,2.4,3,Cluster 3
Modesty MacConnechie,118,2,18.689999999999998,4,4,2,10,🏆 Champions,3.1,0,Cluster 1
Mohandis Spurden,1275,1,41.169999999999995,1,3,3,7,🔄 Potential Loyalists,2.4,1,Cluster 4
Monica Fearon,460,1,5.97,3,3,1,7,🔄 Potential Loyalists,2.1,3,Cluster 3
Monique Canty,1255,1,59.75,1,3,3,7,🔄 Potential Loyalists,2.4,1,Cluster 4
Mord Meriet,1109,1,68.655,1,3,4,8,🔄 Potential Loyalists,2.85,2,Cluster 2
Mordy Van Der Vlies,333,1,8.955,3,3,1,7,🔄 Potential Loyalists,2.1,3,Cluster 3
Morgen Seson,269,2,27.195,4,4,2,10,🏆 Champions,3.1,0,Cluster 1
Morly Rocks,129,1,8.95,4,3,1,8,⭐ Loyal Customers,2.4,3,Cluster 3
Morna Hansed,380,1,21.509999999999998,3,3,2,8,⭐ Loyal Customers,2.55,3,Cluster 3
Mozelle Calcutt,1277,1,39.8,1,3,3,7,🔄 Potential Loyalists,2.4,1,Cluster 4
Muffin Yallop,1033,1,21.87,1,3,2,6,😴 At Risk,1.95,1,Cluster 4
Murdock Hame,1018,1,31.7,1,3,3,7,🔄 Potential Loyalists,2.4,1,Cluster 4
Murielle Lorinez,904,1,167.67000000000002,2,3,4,9,🔄 Potential Loyalists,3.15,2,Cluster 2
Myles Seawright,510,1,24.3,3,3,2,8,⭐ Loyal Customers,2.55,3,Cluster 3
Nadeen Broomer,652,1,22.884999999999998,2,3,2,7,🔄 Potential Loyalists,2.25,3,Cluster 3
Nalani Pirrone,214,1,38.04,4,3,3,10,🏆 Champions,3.3,3,Cluster 3
Nannie Naseby,463,1,16.5,3,3,1,7,🔄 Potential Loyalists,2.1,3,Cluster 3
Nanny Izhakov,1046,1,23.9,1,3,2,6,😴 At Risk,1.95,1,Cluster 4
Nanny Lush,1152,1,204.92999999999995,1,3,4,8,🔄 Potential Loyalists,2.85,2,Cluster 2
Nat Saleway,274,1,9.51,4,3,1,8,⭐ Loyal Customers,2.4,3,Cluster 3
Natal Vigrass,981,1,10.754999999999999,1,3,1,5,😴 At Risk,1.5,1,Cluster 4
Nataniel Helkin,102,1,79.25,4,3,4,11,🏆 Champions,3.75,2,Cluster 2
Nathan Sictornes,66,1,29.849999999999998,4,3,2,9,⭐ Loyal Customers,2.85,3,Cluster 3
Natka Leethem,476,1,5.97,3,3,1,7,🔄 Potential Loyalists,2.1,3,Cluster 3
Nealson Cuttler,454,1,281.675,3,3,4,10,🏆 Champions,3.45,2,Cluster 2
Neely Broadberrie,461,1,63.4,3,3,4,10,🏆 Champions,3.45,2,Cluster 2
Nertie Poolman,582,1,22.5,3,3,2,8,⭐ Loyal Customers,2.55,3,Cluster 3
Nick Brakespear,617,1,23.31,3,3,2,8,⭐ Loyal Customers,2.55,3,Cluster 3
Nickey Youles,902,1,148.92499999999998,2,3,4,9,🔄 Potential Loyalists,3.15,2,Cluster 2
Nicko Corps,735,1,47.13999999999999,2,3,3,8,🔄 Potential Loyalists,2.7,2,Cluster 2
Nicky Ayris,713,1,9.51,2,3,1,6,😴 At Risk,1.8,1,Cluster 4
Nicolina Jenny,382,1,9.95,3,3,1,7,🔄 Potential Loyalists,2.1,3,Cluster 3
Niels Leake,314,1,8.955,4,3,1,8,⭐ Loyal Customers,2.4,3,Cluster 3
Nissie Rudland,342,1,59.699999999999996,3,3,3,9,⭐ Loyal Customers,3.0,2,Cluster 2
Noak Wyvill,913,1,16.11,2,3,1,6,😴 At Risk,1.8,1,Cluster 4
Noam Climance,1101,1,32.22,1,3,3,7,🔄 Potential Loyalists,2.4,1,Cluster 4
Nobe Buney,1308,1,77.69999999999999,1,3,4,8,🔄 Potential Loyalists,2.85,2,Cluster 2
Noel Chisholm,991,1,77.69999999999999,1,3,4,8,🔄 Potential Loyalists,2.85,2,Cluster 2
Noni Furber,1090,1,148.92499999999998,1,3,4,8,🔄 Potential Loyalists,2.85,2,Cluster 2
Norene Magauran,977,1,155.24999999999997,2,3,4,9,🔄 Potential Loyalists,3.15,2,Cluster 2
Odelia Skerme,190,3,46.83,4,4,3,11,🏆 Champions,3.55,0,Cluster 1
Odille Thynne,893,1,34.154999999999994,2,3,3,8,🔄 Potential Loyalists,2.7,1,Cluster 4
Olag Baudassi,861,1,16.5,2,3,1,6,😴 At Risk,1.8,1,Cluster 4
Oran Colbeck,73,1,91.53999999999999,4,3,4,11,🏆 Champions,3.75,2,Cluster 2
Orazio Comber,540,1,90.27000000000001,3,3,4,10,🏆 Champions,3.45,2,Cluster 2
Orbadiah Duny,586,1,40.5,3,3,3,9,⭐ Loyal Customers,3.0,2,Cluster 2
Orland Tadman,495,1,23.88,3,3,2,8,⭐ Loyal Customers,2.55,3,Cluster 3
Orly Ryland,162,1,9.51,4,3,1,8,⭐ Loyal Customers,2.4,3,Cluster 3
Osbert Robins,750,1,148.92499999999998,2,3,4,9,🔄 Potential Loyalists,3.15,2,Cluster 2
Osmund Clausen-Thue,1231,1,17.46,1,3,2,6,😴 At Risk,1.95,1,Cluster 4
Othello Syseland,453,1,12.95,3,3,1,7,🔄 Potential Loyalists,2.1,3,Cluster 3
Pall Redford,1164,1,82.33999999999999,1,3,4,8,🔄 Potential Loyalists,2.85,2,Cluster 2
Paola Brydell,207,1,14.85,4,3,1,8,⭐ Loyal Customers,2.4,3,Cluster 3
Parker Tofful,1211,1,72.9,1,3,4,8,🔄 Potential Loyalists,2.85,2,Cluster 2
Parsifal Metrick,1272,1,33.464999999999996,1,3,3,7,🔄 Potential Loyalists,2.4,1,Cluster 4
Patrice Trobe,137,1,11.655,4,3,1,8,⭐ Loyal Customers,2.4,3,Cluster 3
Patsy Vasilenko,1158,1,20.625,1,3,2,6,😴 At Risk,1.95,1,Cluster 4
Paulo Yea,419,1,61.754999999999995,3,3,3,9,⭐ Loyal Customers,3.0,2,Cluster 2
Pen Wye,1224,1,17.91,1,3,2,6,😴 At Risk,1.95,1,Cluster 4
Perice Eberz,893,1,7.77,2,3,1,6,😴 At Risk,1.8,1,Cluster 4
Perkin Stonner,1031,1,6.75,1,3,1,5,😴 At Risk,1.5,1,Cluster 4
Perry Lyfield,1277,1,89.35499999999999,1,3,4,8,🔄 Potential Loyalists,2.85,2,Cluster 2
Petey Kingsbury,201,1,178.70999999999998,4,3,4,11,🏆 Champions,3.75,2,Cluster 2
Peyter Lauritzen,301,1,7.77,4,3,1,8,⭐ Loyal Customers,2.4,3,Cluster 3
Peyter Matignon,1086,1,29.7,1,3,2,6,😴 At Risk,1.95,1,Cluster 4
Philipa Petrushanko,874,1,72.9,2,3,4,9,🔄 Potential Loyalists,3.15,2,Cluster 2
Phyllys Ormerod,503,1,17.91,3,3,2,8,⭐ Loyal Customers,2.55,3,Cluster 3
Pippo Witherington,238,1,26.19,4,3,2,9,⭐ Loyal Customers,2.85,3,Cluster 3
Portie Cutchie,297,1,51.74999999999999,4,3,3,10,🏆 Champions,3.3,3,Cluster 3
Pren Bess,147,1,14.924999999999999,4,3,1,8,⭐ Loyal Customers,2.4,3,Cluster 3
Pru Durban,75,1,7.169999999999999,4,3,1,8,⭐ Loyal Customers,2.4,3,Cluster 3
Queenie Veel,811,1,40.5,2,3,3,8,🔄 Potential Loyalists,2.7,2,Cluster 2
Quinn Parsons,1104,1,17.91,1,3,2,6,😴 At Risk,1.95,1,Cluster 4
Quintina Heavyside,612,1,13.424999999999997,3,3,1,7,🔄 Potential Loyalists,2.1,3,Cluster 3
Rachelle Elizabeth,865,1,33.464999999999996,2,3,3,8,🔄 Potential Loyalists,2.7,1,Cluster 4
Rafaela Treacher,584,1,17.91,3,3,2,8,⭐ Loyal Customers,2.55,3,Cluster 3
Rafferty Pursglove,1126,1,75.24,1,3,4,8,🔄 Potential Loyalists,2.85,2,Cluster 2
Raleigh Lepere,283,1,77.69999999999999,4,3,4,11,🏆 Champions,3.75,2,Cluster 2
Ramon Cheak,579,1,31.624999999999996,3,4,3,10,🏆 Champions,3.25,3,Cluster 3
Rana Sharer,202,1,44.75,4,4,3,11,🏆 Champions,3.55,3,Cluster 3
Randal Longfield,710,1,109.93999999999998,2,4,4,10,🏆 Champions,3.4,2,Cluster 2
Ransell McKall,757,1,10.739999999999998,2,4,1,7,🔄 Potential Loyalists,2.05,1,Cluster 4
Raphaela Schankelborg,142,1,57.06,4,4,3,11,🏆 Champions,3.55,3,Cluster 3
Rasia Jacquemard,375,1,24.75,3,4,2,9,⭐ Loyal Customers,2.8,3,Cluster 3
Raynor McGilvary,708,1,91.53999999999999,2,4,4,10,🏆 Champions,3.4,2,Cluster 2
Read Cutts,384,1,114.42499999999998,3,4,4,11,🏆 Champions,3.7,2,Cluster 2
Reamonn Aynold,126,1,38.849999999999994,4,4,3,11,🏆 Champions,3.55,3,Cluster 3
Rebeka Worg,449,1,23.31,3,4,2,9,⭐ Loyal Customers,2.8,3,Cluster 3
Redd Simao,1077,1,178.70999999999998,1,4,4,9,🔄 Potential Loyalists,3.1,2,Cluster 2
Reese Lidgey,660,1,58.2,2,4,3,9,🔄 Potential Loyalists,2.95,2,Cluster 2
Reggie Thickpenny,554,1,66.92999999999999,3,4,4,11,🏆 Champions,3.7,2,Cluster 2
Reinaldos Kirtley,828,1,44.55,2,4,3,9,🔄 Potential Loyalists,2.95,2,Cluster 2
Rem Furman,476,1,56.25,3,4,3,10,🏆 Champions,3.25,2,Cluster 2
Reube Cawley,372,1,82.33999999999999,3,4,4,11,🏆 Champions,3.7,2,Cluster 2
Reynolds Crookshanks,578,1,36.45,3,4,3,10,🏆 Champions,3.25,3,Cluster 3
Rhetta Elnaugh,397,1,17.82,3,4,2,9,⭐ Loyal Customers,2.8,3,Cluster 3
Rhetta Zywicki,901,1,63.4,2,4,4,10,🏆 Champions,3.4,2,Cluster 2
Rhianon Broxup,1036,1,77.69999999999999,1,4,4,9,🔄 Potential Loyalists,3.1,2,Cluster 2
Rhodie Strathern,195,1,23.775,4,4,2,10,🏆 Champions,3.1,3,Cluster 3
Rhona Lequeux,257,1,5.97,4,4,1,9,⭐ Loyal Customers,2.65,3,Cluster 3
Rickey Readie,531,1,21.509999999999998,3,4,2,9,⭐ Loyal Customers,2.8,3,Cluster 3
Rickie Faltin,499,1,11.25,3,4,1,8,⭐ Loyal Customers,2.35,3,Cluster 3
Rikki Tomkowicz,529,1,29.849999999999998,3,4,2,9,⭐ Loyal Customers,2.8,3,Cluster 3
Rochette Huscroft,638,1,21.87,2,4,2,8,🔄 Potential Loyalists,2.5,3,Cluster 3
Rodger Raven,1080,1,5.97,1,4,1,6,😴 At Risk,1.75,1,Cluster 4
Rodolfo Willoway,86,1,45.0,4,4,3,11,🏆 Champions,3.55,3,Cluster 3
Romain Avrashin,38,1,114.42499999999998,4,4,4,12,🏆 Champions,4.0,2,Cluster 2
Ronda Pyson,1034,1,21.509999999999998,1,4,2,7,🔄 Potential Loyalists,2.2,1,Cluster 4
Rosaleen Scholar,49,1,49.75,4,4,3,11,🏆 Champions,3.55,3,Cluster 3
Rosaline McLae,311,1,28.679999999999996,4,4,2,10,🏆 Champions,3.1,3,Cluster 3
Roxie Deaconson,878,1,36.45,2,4,3,9,🔄 Potential Loyalists,2.95,1,Cluster 4
Roxine Drivers,924,1,5.97,2,4,1,7,🔄 Potential Loyalists,2.05,1,Cluster 4
Rozele Relton,34,1,59.4,4,4,3,11,🏆 Champions,3.55,3,Cluster 3
Rufus Flear,673,1,15.54,2,4,1,7,🔄 Potential Loyalists,2.05,3,Cluster 3
Russell Donet,411,1,60.75,3,4,3,10,🏆 Champions,3.25,2,Cluster 2
Rutger Pithcock,1202,1,8.73,1,4,1,6,😴 At Risk,1.75,1,Cluster 4
Ryann Stickler,861,1,24.3,2,4,2,8,🔄 Potential Loyalists,2.5,1,Cluster 4
Sacha Bruun,833,1,2.985,2,4,1,7,🔄 Potential Loyalists,2.05,1,Cluster 4
Sada Roseborough,1237,1,5.369999999999999,1,4,1,6,😴 At Risk,1.75,1,Cluster 4
Scarlett Oliffe,1160,1,2.6849999999999996,1,4,1,6,😴 At Risk,1.75,1,Cluster 4
Sean Lorenzetti,1139,1,95.1,1,4,4,9,🔄 Potential Loyalists,3.1,2,Cluster 2
Selene Shales,1277,1,27.0,1,4,2,7,🔄 Potential Loyalists,2.2,1,Cluster 4
Selia Ragles,193,1,17.91,4,4,2,10,🏆 Champions,3.1,3,Cluster 3
Selle Scurrer,159,1,4.365,4,4,1,9,⭐ Loyal Customers,2.65,3,Cluster 3
Selma McMillian,1011,2,37.980000000000004,1,4,3,8,🔄 Potential Loyalists,2.65,0,Cluster 1
Serena Earley,317,1,68.30999999999999,3,4,4,11,🏆 Champions,3.7,2,Cluster 2
Shannon List,1147,1,136.61999999999998,1,4,4,9,🔄 Potential Loyalists,3.1,2,Cluster 2
Sharona Danilchik,1230,1,43.650000000000006,1,4,3,8,🔄 Potential Loyalists,2.65,1,Cluster 4
Shawnee Critchlow,312,1,11.25,4,4,1,9,⭐ Loyal Customers,2.65,3,Cluster 3
Shay Couronne,787,1,72.91,2,4,4,10,🏆 Champions,3.4,2,Cluster 2
Shaylynn Lobe,211,1,21.87,4,4,2,10,🏆 Champions,3.1,3,Cluster 3
Shelley Gehring,679,1,17.82,2,4,2,8,🔄 Potential Loyalists,2.5,3,Cluster 3
Shelley Titley,1155,1,34.92,1,4,3,8,🔄 Potential Loyalists,2.65,1,Cluster 4
Shelli De Banke,989,1,13.5,1,4,1,6,😴 At Risk,1.75,1,Cluster 4
Shelli Keynd,990,1,204.92999999999995,1,4,4,9,🔄 Potential Loyalists,3.1,2,Cluster 2
Sheppard Yann,1030,1,109.365,1,4,4,9,🔄 Potential Loyalists,3.1,2,Cluster 2
Shermy Moseby,429,1,148.92499999999998,3,4,4,11,🏆 Champions,3.7,2,Cluster 2
Shirleen Welds,338,1,74.25,3,4,4,11,🏆 Champions,3.7,2,Cluster 2
Shirlene Edmondson,593,1,9.51,3,4,1,8,⭐ Loyal Customers,2.35,3,Cluster 3
Sibella Rushbrooke,875,1,36.45,2,4,3,9,🔄 Potential Loyalists,2.95,1,Cluster 4
Sidney Gawen,1255,1,3.5849999999999995,1,4,1,6,😴 At Risk,1.75,1,Cluster 4
Sigfrid Busch,535,1,82.5,3,4,4,11,🏆 Champions,3.7,2,Cluster 2
Silvan McShea,180,1,23.31,4,4,2,10,🏆 Champions,3.1,3,Cluster 3
Silvana Northeast,469,1,21.87,3,4,2,9,⭐ Loyal Customers,2.8,3,Cluster 3
Silvanus Enefer,1220,1,8.91,1,4,1,6,😴 At Risk,1.75,1,Cluster 4
Silvio Strase,1213,1,28.53,1,4,2,7,🔄 Potential Loyalists,2.2,1,Cluster 4
Sim Pamphilon,586,1,23.775,3,4,2,9,⭐ Loyal Customers,2.8,3,Cluster 3
Simone Capon,89,1,29.849999999999998,4,4,2,10,🏆 Champions,3.1,3,Cluster 3
Skipton Morrall,277,1,35.849999999999994,4,4,3,11,🏆 Champions,3.55,3,Cluster 3
Sky Farnish,703,1,35.82,2,4,3,9,🔄 Potential Loyalists,2.95,2,Cluster 2
Skylar Jeyness,611,1,23.31,3,4,2,9,⭐ Loyal Customers,2.8,3,Cluster 3
Sloan Diviny,548,1,14.58,3,4,1,8,⭐ Loyal Customers,2.35,3,Cluster 3
Stan Barribal,952,1,9.51,2,4,1,7,🔄 Potential Loyalists,2.05,1,Cluster 4
Stanford Rodliff,1211,1,21.825000000000003,1,4,2,7,🔄 Potential Loyalists,2.2,1,Cluster 4
Stanislaus Gilroy,256,1,26.19,4,4,2,10,🏆 Champions,3.1,3,Cluster 3
Stanly Keets,546,1,139.725,3,4,4,11,🏆 Champions,3.7,2,Cluster 2
Starr Arpin,1318,1,59.699999999999996,1,4,3,8,🔄 Potential Loyalists,2.65,1,Cluster 4
Stearne Count,138,1,24.75,4,4,2,10,🏆 Champions,3.1,3,Cluster 3
Stevana Woodham,1185,1,26.19,1,4,2,7,🔄 Potential Loyalists,2.2,1,Cluster 4
Suzanna Bollam,1325,1,21.509999999999998,1,4,2,7,🔄 Potential Loyalists,2.2,1,Cluster 4
Sylas Jennaroy,308,1,51.8,4,4,3,11,🏆 Champions,3.55,3,Cluster 3
Tallie felip,307,1,178.70999999999998,4,4,4,12,🏆 Champions,4.0,2,Cluster 2
Tamarah Fero,16,1,41.25,4,4,3,11,🏆 Champions,3.55,3,Cluster 3
Tammie Drynan,679,1,29.16,2,4,2,8,🔄 Potential Loyalists,2.5,3,Cluster 3
Tani Taffarello,637,1,27.484999999999996,2,4,2,8,🔄 Potential Loyalists,2.5,3,Cluster 3
Tania Craggs,822,1,39.8,2,4,3,9,🔄 Potential Loyalists,2.95,2,Cluster 2
Tawnya Menary,344,1,38.849999999999994,3,4,3,10,🏆 Champions,3.25,3,Cluster 3
Teddi Crowthe,68,1,204.92999999999995,4,4,4,12,🏆 Champions,4.0,2,Cluster 2
Teddi Quadri,1292,1,34.92,1,4,3,8,🔄 Potential Loyalists,2.65,1,Cluster 4
Temple Castiglione,1054,1,68.30999999999999,1,4,4,9,🔄 Potential Loyalists,3.1,2,Cluster 2
Terence Vanyutin,820,1,41.169999999999995,2,4,3,9,🔄 Potential Loyalists,2.95,2,Cluster 2
Terencio O'Moylan,359,1,45.0,3,4,3,10,🏆 Champions,3.25,3,Cluster 3
Terri Farra,426,3,289.11,3,4,4,11,🏆 Champions,3.7,0,Cluster 1
Terry Sheryn,982,1,7.77,1,4,1,6,😴 At Risk,1.75,1,Cluster 4
Tersina Castagne,751,1,17.91,2,4,2,8,🔄 Potential Loyalists,2.5,1,Cluster 4
Tess Benediktovich,659,1,47.55,2,4,3,9,🔄 Potential Loyalists,2.95,2,Cluster 2
Tess Bennison,230,1,51.74999999999999,4,4,3,11,🏆 Champions,3.55,3,Cluster 3
Theda Grizard,936,1,10.935,2,4,1,7,🔄 Potential Loyalists,2.05,1,Cluster 4
Theo Bowne,543,1,22.275,3,4,2,9,⭐ Loyal Customers,2.8,3,Cluster 3
Theo Jacobovitz,852,1,46.62,2,4,3,9,🔄 Potential Loyalists,2.95,2,Cluster 2
Theresita Newbury,18,1,17.91,4,4,2,10,🏆 Champions,3.1,3,Cluster 3
Tildie Tilzey,120,1,21.509999999999998,4,4,2,10,🏆 Champions,3.1,3,Cluster 3
Timofei Woofinden,354,1,6.75,3,4,1,8,⭐ Loyal Customers,2.35,3,Cluster 3
Tomas Sutty,191,1,36.455,4,4,3,11,🏆 Champions,3.55,3,Cluster 3
Tomasina Cotmore,1194,1,29.784999999999997,1,4,2,7,🔄 Potential Loyalists,2.2,1,Cluster 4
Torie Gottelier,248,1,77.69999999999999,4,4,4,12,🏆 Champions,4.0,2,Cluster 2
Tory Walas,281,1,8.25,4,4,1,9,⭐ Loyal Customers,2.65,3,Cluster 3
Trescha Jedrachowicz,691,1,15.54,2,4,1,7,🔄 Potential Loyalists,2.05,1,Cluster 4
Trina Le Sarr,37,1,29.784999999999997,4,4,2,10,🏆 Champions,3.1,3,Cluster 3
Trumaine Tewelson,38,1,4.365,4,4,1,9,⭐ Loyal Customers,2.65,3,Cluster 3
Tuckie Mathonnet,246,2,153.53499999999997,4,4,4,12,🏆 Champions,4.0,0,Cluster 1
Tymon Zanetti,73,1,47.115,4,4,3,11,🏆 Champions,3.55,3,Cluster 3
Ugo Southerden,808,1,77.69999999999999,2,4,4,10,🏆 Champions,3.4,2,Cluster 2
Una Welberry,782,1,57.06,2,4,3,9,🔄 Potential Loyalists,2.95,2,Cluster 2
Uriah Lethbrig,173,1,4.125,4,4,1,9,⭐ Loyal Customers,2.65,3,Cluster 3
Val Wakelin,709,1,53.46,2,4,3,9,🔄 Potential Loyalists,2.95,2,Cluster 2
Valenka Stansbury,747,1,11.94,2,4,1,7,🔄 Potential Loyalists,2.05,1,Cluster 4
Vallie Kundt,99,1,29.784999999999997,4,4,2,10,🏆 Champions,3.1,3,Cluster 3
Vanna Le - Count,185,1,4.755,4,4,1,9,⭐ Loyal Customers,2.65,3,Cluster 3
Vanya Skullet,1261,1,8.055,1,4,1,6,😴 At Risk,1.75,1,Cluster 4
Vasili Upstone,1168,1,29.849999999999998,1,4,2,7,🔄 Potential Loyalists,2.2,1,Cluster 4
Vasily Polglase,708,1,68.75,2,4,4,10,🏆 Champions,3.4,2,Cluster 2
Vernor Pawsey,329,1,35.849999999999994,3,4,3,10,🏆 Champions,3.25,3,Cluster 3
Vicki Kirdsch,622,1,5.97,3,4,1,8,⭐ Loyal Customers,2.35,3,Cluster 3
Vinny Shoebotham,946,1,19.02,2,4,2,8,🔄 Potential Loyalists,2.5,1,Cluster 4
Violette Hellmore,921,1,5.97,2,4,1,7,🔄 Potential Loyalists,2.05,1,Cluster 4
Virgil Baumadier,234,1,43.650000000000006,4,4,3,11,🏆 Champions,3.55,3,Cluster 3
Vivie Danneil,1047,1,16.875,1,4,1,6,😴 At Risk,1.75,1,Cluster 4
Vivyan Ceely,1081,1,23.88,1,4,2,7,🔄 Potential Loyalists,2.2,1,Cluster 4
Vivyan Dunning,1132,1,7.77,1,4,1,6,😴 At Risk,1.75,1,Cluster 4
Wain Cholomin,977,1,8.73,1,4,1,6,😴 At Risk,1.75,1,Cluster 4
Wain Stearley,184,1,26.19,4,4,2,10,🏆 Champions,3.1,3,Cluster 3
Wallis Bernth,1267,1,77.62499999999999,1,4,4,9,🔄 Potential Loyalists,3.1,2,Cluster 2
Waneta Edinborough,703,1,23.31,2,4,2,8,🔄 Potential Loyalists,2.5,1,Cluster 4
Wang Powlesland,765,1,148.92499999999998,2,4,4,10,🏆 Champions,3.4,2,Cluster 2
Warner Maddox,112,1,7.77,4,4,1,9,⭐ Loyal Customers,2.65,3,Cluster 3
Waylan Springall,936,1,36.455,2,4,3,9,🔄 Potential Loyalists,2.95,1,Cluster 4
Waylin Hollingdale,673,1,6.75,2,4,1,7,🔄 Potential Loyalists,2.05,1,Cluster 4
Webb Speechly,76,1,126.49999999999999,4,4,4,12,🏆 Champions,4.0,2,Cluster 2
Wesley Giorgioni,1265,1,7.29,1,4,1,6,😴 At Risk,1.75,1,Cluster 4
Wilek Lightollers,528,2,28.575,3,4,2,9,⭐ Loyal Customers,2.8,0,Cluster 1
Wiley Leopold,151,1,5.97,4,4,1,9,⭐ Loyal Customers,2.65,3,Cluster 3
Willabella Harvison,1144,1,68.655,1,4,4,9,🔄 Potential Loyalists,3.1,2,Cluster 2
Willey Romao,162,1,51.8,4,4,3,11,🏆 Champions,3.55,3,Cluster 3
Willy Pummery,564,1,28.53,3,4,2,9,⭐ Loyal Customers,2.8,3,Cluster 3
Wilton Cottier,1322,1,16.5,1,4,1,6,😴 At Risk,1.75,1,Cluster 4
Wilton Jallin,346,1,91.53999999999999,3,4,4,11,🏆 Champions,3.7,2,Cluster 2
Winn Keyse,528,1,68.30999999999999,3,4,4,11,🏆 Champions,3.7,2,Cluster 2
Winne Roche,111,1,15.54,4,4,1,9,⭐ Loyal Customers,2.65,3,Cluster 3
Witty Ranson,502,1,83.83500000000001,3,4,4,11,🏆 Champions,3.7,2,Cluster 2
Wren Place,962,1,13.5,2,4,1,7,🔄 Potential Loyalists,2.05,1,Cluster 4
Wright Caldero,1253,1,28.679999999999996,1,4,2,7,🔄 Potential Loyalists,2.2,1,Cluster 4
Wyatan Fetherston,798,1,59.4,2,4,3,9,🔄 Potential Loyalists,2.95,2,Cluster 2
Xenos Gibbons,653,1,38.849999999999994,2,4,3,9,🔄 Potential Loyalists,2.95,2,Cluster 2
Yardley Basill,345,1,35.849999999999994,3,4,3,10,🏆 Champions,3.25,3,Cluster 3
Yulma Dombrell,362,1,26.73,3,4,2,9,⭐ Loyal Customers,2.8,3,Cluster 3
Yuma Skipsey,1230,1,21.509999999999998,1,4,2,7,🔄 Potential Loyalists,2.2,1,Cluster 4
Yuri Burrells,590,1,23.88,3,4,2,9,⭐ Loyal Customers,2.8,3,Cluster 3
Zaccaria Sherewood,1010,1,9.51,1,4,1,6,😴 At Risk,1.75,1,Cluster 4
Zachariah Carlson,358,1,71.69999999999999,3,4,4,11,🏆 Champions,3.7,2,Cluster 2
Zacharias Kiffe,932,2,33.31,2,4,3,9,🔄 Potential Loyalists,2.95,0,Cluster 1
Zachary Tramel,382,1,28.53,3,4,2,9,⭐ Loyal Customers,2.8,3,Cluster 3
Zack Pellett,458,1,103.49999999999999,3,4,4,11,🏆 Champions,3.7,2,Cluster 2
Zeke Walisiak,547,1,2.6849999999999996,3,4,1,8,⭐ Loyal Customers,2.35,3,Cluster 3
Zorina Ponting,560,1,8.73,3,4,1,8,⭐ Loyal Customers,2.35,3,Cluster 3
